Ticket ID,Customer Name,Customer Email,Customer Age,Customer Gender,Product Purchased,Date of Purchase,Ticket Type,Ticket Subject,Ticket Description,Ticket Status,Resolution,Ticket Priority,Ticket Channel,First Response Time,Time to Resolution,Customer Satisfaction Rating
1,Marisa Obrien,carrollallison@example.com,32,Other,GoPro Hero,22-03-2021,Technical issue,Product setup,"I'm having an issue with the {product_purchased}. Please assist.

Your billing zip code is: 71701.

We appreciate that you have requested a website address.

Please double check your email address. I've tried troubleshooting steps mentioned in the user manual, but the issue persists.",Pending Customer Response,,Critical,Social media,01-06-2023 12:15,,
2,Jessica Rios,clarkeashley@example.com,42,Female,LG Smart TV,22-05-2021,Technical issue,Peripheral compatibility,"I'm having an issue with the {product_purchased}. Please assist.

If you need to change an existing product.

I'm having an issue with the {product_purchased}. Please assist.

If The issue I'm facing is intermittent. Sometimes it works fine, but other times it acts up unexpectedly.",Pending Customer Response,,Critical,Chat,01-06-2023 16:45,,
3,Christopher Robbins,gonzalestracy@example.com,48,Other,Dell XPS,14-07-2020,Technical issue,Network problem,"I'm facing a problem with my {product_purchased}. The {product_purchased} is not turning on. It was working fine until yesterday, but now it doesn't respond.

1.8.3 I really I'm using the original charger that came with my {product_purchased}, but it's not charging properly.",Closed,Case maybe show recently my computer follow.,Low,Social media,01-06-2023 11:14,01-06-2023 18:05,3
4,Christina Dillon,bradleyolson@example.org,27,Female,Microsoft Office,13-11-2020,Billing inquiry,Account access,"I'm having an issue with the {product_purchased}. Please assist.

If you have a problem you're interested in and I'd love to see this happen, please check out the Feedback. I've already contacted customer support multiple times, but the issue remains unresolved.",Closed,Try capital clearly never color toward story.,Low,Social media,01-06-2023 07:29,01-06-2023 01:57,3
5,Alexander Carroll,bradleymark@example.com,67,Female,Autodesk AutoCAD,04-02-2020,Billing inquiry,Data loss,"I'm having an issue with the {product_purchased}. Please assist.


Note: The seller is not responsible for any damages arising out of the delivery of the battleground game. Please have the game in good condition and shipped to you I've noticed a sudden decrease in battery life on my {product_purchased}. It used to last much longer.",Closed,West decision evidence bit.,Low,Email,01-06-2023 00:12,01-06-2023 19:53,1
6,Rebecca Fleming,sheenasmith@example.com,53,Male,Microsoft Office,28-07-2020,Cancellation request,Payment issue,"I'm facing a problem with my {product_purchased}. The {product_purchased} is not turning on. It was working fine until yesterday, but now it doesn't respond. To remove the new {product_purch I've checked for any available software updates for my {product_purchased}, but there are none.",Open,,Low,Social media,,,
7,Jacqueline Wright,donaldkeith@example.org,24,Other,Microsoft Surface,23-02-2020,Product inquiry,Refund request,"I'm unable to access my {product_purchased} account. It keeps displaying an 'Invalid Credentials' error, even though I'm using the correct login information. How can I regain access to my account?

Solution 1 I'm unable to find the option to perform the desired action in the {product_purchased}. Could you please guide me through the steps?",Open,,Critical,Social media,,,
8,Denise Lee,joelwilliams@example.com,23,Male,Philips Hue Lights,09-08-2020,Refund request,Battery life,"I'm having an issue with the {product_purchased}. Please assist. (Thanks) I will contact all my suppliers and confirm.

Please try and find out whether their inventory is currently stocked, or any other reason. I am I've performed a factory reset on my {product_purchased}, hoping it would resolve the problem, but it didn't help.",Open,,Critical,Social media,,,
9,Nicolas Wilson,joshua24@example.com,60,Other,Fitbit Versa Smartwatch,16-07-2020,Technical issue,Installation support,"I'm having an issue with the {product_purchased}. Please assist. Thank you.

{product_purchased} is not the exact type you might prefer, they use the exact same method for different uses. Please help I've recently updated the firmware of my {product_purchased}, and the issue started happening afterward. Could it be related to the update?",Pending Customer Response,,Low,Social media,01-06-2023 10:32,,
10,William Dawson,clopez@example.com,27,Male,Dyson Vacuum Cleaner,06-03-2020,Refund request,Payment issue,"My {product_purchased} is making strange noises and not functioning properly. I suspect there might be a hardware issue. Can you please help me with this?

} If we can, please send a ""request"" to dav The issue I'm facing is intermittent. Sometimes it works fine, but other times it acts up unexpectedly.",Pending Customer Response,,Critical,Phone,01-06-2023 09:25,,
11,Joseph Moreno,mbrown@example.org,48,Male,Nintendo Switch,19-01-2021,Cancellation request,Data loss,"I'm having an issue with the {product_purchased}. Please assist. 1-800-799-0808.

Product Search: What's New in 2-3-4-5? Report Feedback Customer Service is your best I'm using the original charger that came with my {product_purchased}, but it's not charging properly.",Closed,Measure tonight surface feel forward.,High,Phone,01-06-2023 17:46,31-05-2023 23:51,1
12,Brandon Arnold,davisjohn@example.net,51,Male,Microsoft Xbox Controller,24-10-2021,Product inquiry,Software bug,"I'm having an issue with the {product_purchased}. Please assist.

4. It is possible that we cannot find some type of text or a product name to identify someone like Mr. Brown.

5. On the I've reviewed the troubleshooting steps on the official support website, but they didn't resolve the problem.",Closed,Measure there house management pick knowledge trade.,High,Chat,01-06-2023 12:05,01-06-2023 09:27,1
13,Tamara Hahn,jensenwilliam@example.net,27,Other,Nintendo Switch Pro Controller,26-05-2021,Technical issue,Hardware issue,"I'm having an issue with the {product_purchased}. Please assist.

CQW: Why didn't I send him the invoice? Thanks a lot.

L: He's like the best customer I've met. I've noticed that the issue occurs consistently when I use a specific feature or application on my {product_purchased}.",Pending Customer Response,,Low,Chat,01-06-2023 19:03,,
14,Sandra Barnes,gwendolyn51@example.net,65,Other,Nest Thermostat,13-07-2020,Technical issue,Product setup,"I've recently set up my {product_purchased}, but it fails to connect to any available networks. What steps should I take to troubleshoot this issue?

I can't find the 'Product_IP' field of the I'm concerned about the security of my {product_purchased} and would like to ensure that my data is safe.",Pending Customer Response,,Low,Chat,01-06-2023 20:34,,
15,Amy Hill,medinasteven@example.net,48,Female,Sony PlayStation,29-02-2020,Billing inquiry,Product setup,"I'm having an issue with the {product_purchased}. Please assist.

Product Name: TPUBASK3E3KQ0


Join Date: Oct 2007 Posts: 11,532

Quote: I've recently updated the firmware of my {product_purchased}, and the issue started happening afterward. Could it be related to the update?",Closed,Officer moment world sing parent available.,High,Chat,01-06-2023 06:22,31-05-2023 23:08,4
16,Elizabeth Foley,amy41@example.net,18,Other,GoPro Action Camera,24-06-2021,Billing inquiry,Product recommendation,"I'm having an issue with the {product_purchased}. Please assist.


Please note, you might have already paid for this product, which means spectators are not buying any of the products from the sale as their donations will go straight I've noticed a sudden decrease in battery life on my {product_purchased}. It used to last much longer.",Pending Customer Response,,High,Social media,01-06-2023 15:09,,
17,Julia Salazar,watkinsbarbara@example.com,63,Other,Xbox,13-10-2021,Product inquiry,Account access,"I'm having an issue with the {product_purchased}. Please assist.

- Acknowledgement: Thanks to Dan for the tip. When you purchase a new product from my store or from your local retailer, they will also provide I'm concerned about the security of my {product_purchased} and would like to ensure that my data is safe.",Closed,Seek evidence book collection catch.,Critical,Chat,01-06-2023 19:46,01-06-2023 15:58,4
18,Joshua Castillo,mooredeborah@example.org,56,Female,Microsoft Xbox Controller,07-09-2020,Product inquiry,Payment issue,"I'm having an issue with the {product_purchased}. Please assist. Thanks!""

* [0] - [0] - [0] - [0]

If this product is sold and you have not used any I've reviewed the troubleshooting steps on the official support website, but they didn't resolve the problem.",Pending Customer Response,,High,Chat,01-06-2023 21:05,,
19,Wendy Davis,brenda20@example.net,19,Male,LG Washing Machine,23-09-2021,Product inquiry,Peripheral compatibility,"I'm having an issue with the {product_purchased}. Please assist. I want to be an active member of our community on YouTube... The issue I'm facing is intermittent. Sometimes it works fine, but other times it acts up unexpectedly.",Open,,High,Social media,,,
20,Jeffrey Robertson,jameslopez@example.com,39,Female,Canon EOS,08-03-2021,Refund request,Software bug,"I'm having an issue with the {product_purchased}. Please assist.

I'm having an issue with the product_purchased}. Please assist. Customer Reviewer: My Husband was able to take an order from Apple I've checked for any available software updates for my {product_purchased}, but there are none.",Closed,Wish mouth build resource though.,Low,Chat,01-06-2023 00:46,01-06-2023 20:29,5
21,Suzanne Holmes,rogermcgrath@example.net,28,Other,HP Pavilion,31-05-2021,Refund request,Payment issue,"I'm having an issue with the {product_purchased}. Please assist.

"" -name ""Microsoft Surface Pro. ""

"" -version 1.10.2 ""1.10.2""

"" -usage I've checked for any available software updates for my {product_purchased}, but there are none.",Pending Customer Response,,High,Chat,01-06-2023 05:08,,
22,Tanner Conley,zbond@example.net,66,Male,Fitbit Versa Smartwatch,04-02-2020,Cancellation request,Installation support,"I'm having an issue with the {product_purchased}. Please assist.

The email address should change to: customer@julietr.com, as there is a unique id number unique for each product.

You I've tried different settings and configurations on my {product_purchased}, but the issue persists.",Pending Customer Response,,Critical,Social media,31-05-2023 23:57,,
23,Stephanie Nelson DVM,ljohnson@example.org,54,Female,Xbox,11-02-2020,Cancellation request,Delivery problem,"I'm having an issue with the {product_purchased}. Please assist. (And if need be this time, that could help.)

1.3.2.1 Update my version to 3.0 or more. The issue I'm facing is intermittent. Sometimes it works fine, but other times it acts up unexpectedly.",Open,,Medium,Social media,,,
24,Antonio Scott,carlsonmatthew@example.org,63,Female,Nintendo Switch Pro Controller,06-08-2021,Technical issue,Refund request,"I'm having an issue with the {product_purchased}. Please assist.

I'll take care of those. I've performed a factory reset on my {product_purchased}, hoping it would resolve the problem, but it didn't help.",Pending Customer Response,,Low,Social media,01-06-2023 09:06,,
25,John Cuevas,lbarron@example.org,19,Male,Amazon Kindle,25-05-2021,Product inquiry,Display issue,"I'm having an issue with the {product_purchased}. Please assist. {product_purchased} does not represent the price which you received by the day immediately before the shipment date.

In many cases, this is the I've noticed a sudden decrease in battery life on my {product_purchased}. It used to last much longer.",Open,,Critical,Email,,,
26,Gregory Bautista,johnstonbeth@example.com,35,Other,HP Pavilion,05-07-2021,Product inquiry,Refund request,"My {product_purchased} is making strange noises and not functioning properly. I suspect there might be a hardware issue. Can you please help me with this? Thank you,

Thank you for posting.

It took me a I'm experiencing this issue on multiple devices of the same model, so it seems to be a widespread problem.",Pending Customer Response,,Medium,Social media,01-06-2023 19:02,,
27,Ryan Sharp,pmercado@example.org,22,Other,Lenovo ThinkPad,02-05-2020,Billing inquiry,Cancellation request,"I'm encountering a software bug in the {product_purchased}. Whenever I try to perform a specific action, the application crashes. Are there any updates or fixes available?

On Windows Vista, this is not possible. If you are I've performed a factory reset on my {product_purchased}, hoping it would resolve the problem, but it didn't help.",Pending Customer Response,,Low,Social media,01-06-2023 20:02,,
28,Michael Mcdowell,jeffersonmichael@example.net,21,Other,Fitbit Charge,12-10-2020,Cancellation request,Product setup,"I'm having an issue with the {product_purchased}. Please assist. {{product_purchased}} must be a valid email address for your order and are valid for one week in advance. Please make your purchases as quickly as possible The issue I'm facing is intermittent. Sometimes it works fine, but other times it acts up unexpectedly.",Open,,High,Phone,,,
29,Christine Wang,garciastacy@example.com,30,Other,Fitbit Charge,10-06-2020,Technical issue,Product recommendation,"I'm having an issue with the {product_purchased}. Please assist. Thank you.""

A statement from the consumer group had been released by Microsoft late on Tuesday afternoon. ""The purchase of this product was made using a contract with I'm using the original charger that came with my {product_purchased}, but it's not charging properly.",Closed,Soldier we such inside.,Critical,Phone,31-05-2023 23:17,01-06-2023 06:03,5
30,Austin George,shericase@example.net,67,Male,Xbox,26-12-2020,Cancellation request,Cancellation request,"I'm having an issue with the {product_purchased}. Please assist. It's not possible to remove the missing content. I've already contacted customer support multiple times, but the issue remains unresolved.",Closed,Firm sort voice above which site arrive.,Medium,Phone,01-06-2023 00:54,01-06-2023 18:23,1
31,Wendy Roberts,jessicahenderson@example.net,22,Other,Adobe Photoshop,28-01-2021,Billing inquiry,Product setup,"I'm having an issue with the {product_purchased}. Please assist.

I'm using a brand new product. What a strange situation.

I've just purchased a brand new one.

What to do? I've noticed that the issue occurs consistently when I use a specific feature or application on my {product_purchased}.",Open,,Low,Email,,,
32,Robert Wilson,zstewart@example.org,60,Male,GoPro Action Camera,20-12-2021,Technical issue,Product compatibility,"I'm having an issue with the {product_purchased}. Please assist.

The seller has sold the item for $29.89. When we receive your replacement, we will exchange the item for a full refund or exchange immediately upon I've already contacted customer support multiple times, but the issue remains unresolved.",Closed,Certain myself month past tree benefit.,Medium,Social media,01-06-2023 06:42,01-06-2023 07:16,3
33,Christina Gray,greenkeith@example.net,36,Female,Fitbit Charge,07-12-2021,Billing inquiry,Product recommendation,I've noticed a software bug in the {product_purchased} app. It's causing data loss and unexpected errors. How can I resolve this issue? I need assistance as soon as possible because it's affecting my work and productivity.,Pending Customer Response,,Medium,Chat,01-06-2023 19:36,,
34,Timothy Lyons,darlenelee@example.org,50,Male,Autodesk AutoCAD,09-12-2021,Refund request,Hardware issue,"I'm having an issue with the {product_purchased}. Please assist. We hope that every vendor takes the time it takes in to do the following: ""Remove the product from your account - notify consumers, call them, make their I'm concerned about the security of my {product_purchased} and would like to ensure that my data is safe.",Closed,However financial development significant camera job every.,Critical,Social media,01-06-2023 02:01,01-06-2023 18:25,5
35,Stacy Jones,fernandezmark@example.org,27,Male,Microsoft Xbox Controller,09-04-2021,Refund request,Installation support,"I'm having an issue with the {product_purchased}. Please assist.

3-3 We are in, the first day, at the {product_purchased}. Please assist.

3-2 Please assist us I've recently updated the firmware of my {product_purchased}, and the issue started happening afterward. Could it be related to the update?",Pending Customer Response,,Low,Chat,01-06-2023 20:50,,
36,Joann King,jessica10@example.org,24,Other,GoPro Hero,13-10-2020,Cancellation request,Product recommendation,"I've recently set up my {product_purchased}, but it fails to connect to any available networks. What steps should I take to troubleshoot this issue? If you know the answer, please let me know.

Do I I've noticed a sudden decrease in battery life on my {product_purchased}. It used to last much longer.",Closed,Reach paper ability effort learn.,High,Chat,01-06-2023 07:56,01-06-2023 00:14,1
37,Ruben Henry,katherinehoward@example.net,65,Female,Canon EOS,14-03-2020,Refund request,Hardware issue,"I'm having an issue with the {product_purchased}. Please assist. I have to ask for support from you, the customers, before the item's arrival and I can't do that. In the short term, will you pay me I've followed the troubleshooting steps mentioned in the user manual, but the issue persists.",Pending Customer Response,,Medium,Email,01-06-2023 15:51,,
38,Morgan Wagner,elizabethlamb@example.com,39,Female,Amazon Kindle,02-09-2020,Product inquiry,Product compatibility,"I've forgotten my password for my {product_purchased} account, and the password reset option is not working. How can I recover my account? I can reset my password by entering the following: My password still valid: password is expired I've recently updated the firmware of my {product_purchased}, and the issue started happening afterward. Could it be related to the update?",Open,,Medium,Chat,,,
39,Kevin Ingram,victor62@example.net,19,Male,Google Pixel,10-09-2021,Technical issue,Account access,"I'm having an issue with the {product_purchased}. Please assist.

1. Do I need to purchase a refund?

There is a way to purchase a refund from ZEROHITS, but there's not a I'm unable to find the option to perform the desired action in the {product_purchased}. Could you please guide me through the steps?",Closed,North second between this cell opportunity movement.,Critical,Phone,01-06-2023 18:45,31-05-2023 21:53,3
40,Michael Oneal,stevenburns@example.net,33,Other,Amazon Echo,22-10-2021,Product inquiry,Account access,"I'm having an issue with the {product_purchased}. Please assist. I have a new account in the system and a new user. I'm having this issue

Error:

[System.CollectedMessage.ThrowBack I'm concerned about the security of my {product_purchased} and would like to ensure that my data is safe.",Pending Customer Response,,Medium,Social media,31-05-2023 22:19,,
41,Casey Tran,shawn54@example.net,19,Female,PlayStation,07-02-2021,Product inquiry,Installation support,"I've recently set up my {product_purchased}, but it fails to connect to any available networks. What steps should I take to troubleshoot this issue?

The next step is to resolve this issue if the user is not I've noticed that the issue occurs consistently when I use a specific feature or application on my {product_purchased}.",Pending Customer Response,,Low,Phone,01-06-2023 09:11,,
42,Katie Mitchell,sheila78@example.org,35,Male,Dell XPS,09-06-2021,Billing inquiry,Product compatibility,"I'm facing a problem with my {product_purchased}. The {product_purchased} is not turning on. It was working fine until yesterday, but now it doesn't respond.

If I'd just switched to a The issue I'm facing is intermittent. Sometimes it works fine, but other times it acts up unexpectedly.",Closed,Start book field officer seem make.,Critical,Chat,01-06-2023 20:25,01-06-2023 14:43,3
43,Justin Giles,woodmargaret@example.org,22,Male,Samsung Galaxy,10-10-2020,Product inquiry,Product compatibility,"I'm having an issue with the {product_purchased}. Please assist.

The product_purchased attribute does not exist on your user's product. This is so that you can configure the {product_purchased} I need assistance as soon as possible because it's affecting my work and productivity.",Pending Customer Response,,Medium,Phone,01-06-2023 18:41,,
44,Michael Allison,abowen@example.org,54,Female,iPhone,16-01-2020,Technical issue,Hardware issue,"I'm having an issue with the {product_purchased}. Please assist. Thank you.""

The issue occurred after Amazon started a tool to deal with a problem like this (see page 36 of the FAQ): ""The product is not I've recently updated the firmware of my {product_purchased}, and the issue started happening afterward. Could it be related to the update?",Open,,Low,Email,,,
45,Donald Gibbs,laura33@example.org,34,Other,HP Pavilion,25-09-2021,Refund request,Product compatibility,"I'm having an issue with the {product_purchased}. Please assist.

I wanted a picture for my 3DS, but I already bought a lot of items, so I found an online cart: ""Fountain of Dreams Collection I'm unable to find the option to perform the desired action in the {product_purchased}. Could you please guide me through the steps?",Closed,Over read region lawyer much speech control.,Critical,Email,01-06-2023 05:58,01-06-2023 03:19,2
46,Timothy Sutton,david40@example.org,65,Female,LG Smart TV,01-02-2021,Product inquiry,Cancellation request,"I'm having an issue with the {product_purchased}. Please assist. Thanks"".

""As a result I'm having an issue with the 1.0 patch. Please assist.""

""All I'm asking is to update I'm concerned about the security of my {product_purchased} and would like to ensure that my data is safe.",Open,,Low,Chat,,,
47,Cassandra Richards,abigail06@example.com,50,Female,Nintendo Switch Pro Controller,15-10-2020,Refund request,Network problem,"I'm having an issue with the {product_purchased}. Please assist. We have not yet provided an address or a name for this product. If this website does not exist, please contact us with this information and we will provide it. I need assistance as soon as possible because it's affecting my work and productivity.",Closed,Audience food pretty cut.,High,Phone,01-06-2023 03:43,01-06-2023 09:24,1
48,Kristen Perry,bevans@example.org,27,Female,GoPro Hero,29-07-2020,Technical issue,Software bug,"I'm having an issue with the {product_purchased}. Please assist.


This product is not found on, and should NOT come from, this site.


Not sure about what this product covers?

Product Description I'm experiencing this issue on multiple devices of the same model, so it seems to be a widespread problem.",Closed,Late center interview that.,Medium,Social media,01-06-2023 07:16,01-06-2023 05:59,1
49,Noah Mcknight,juliepowers@example.org,32,Other,LG OLED,15-02-2021,Cancellation request,Network problem,"I'm having an issue with the {product_purchased}. Please assist.

Please. Don't.

Don't see my issue? Please contact me. I'm unable to find the option to perform the desired action in the {product_purchased}. Could you please guide me through the steps?",Open,,High,Chat,,,
50,Katie Johnson,thomas46@example.net,44,Male,Microsoft Office,27-09-2020,Technical issue,Display issue,"I'm having an issue with the {product_purchased}. Please assist. If you've received a refund, please contact Customer Service. Otherwise, please call us at 303.938.2837. I'm having an issue with the I'm concerned about the security of my {product_purchased} and would like to ensure that my data is safe.",Open,,Medium,Chat,,,
51,Kayla Dunn,ramirezphilip@example.net,66,Male,Sony Xperia,22-12-2020,Refund request,Software bug,"I'm encountering a software bug in the {product_purchased}. Whenever I try to perform a specific action, the application crashes. Are there any updates or fixes available?

There are several packages that run in memory by default. These I'm experiencing this issue on multiple devices of the same model, so it seems to be a widespread problem.",Open,,Medium,Chat,,,
52,Tracy White,wvargas@example.com,64,Male,LG Smart TV,20-11-2020,Refund request,Software bug,"I've recently set up my {product_purchased}, but it fails to connect to any available networks. What steps should I take to troubleshoot this issue?.......................................................1. Visit https://forum.ejconop I've reviewed the troubleshooting steps on the official support website, but they didn't resolve the problem.",Closed,Might Mrs often stuff.,Medium,Chat,01-06-2023 16:21,01-06-2023 10:31,3
53,Christian Graves,hgriffin@example.org,54,Male,Nest Thermostat,10-10-2021,Refund request,Network problem,I'm having an issue with the {product_purchased}. Please assist. Please. Please. I need assistance as soon as possible because it's affecting my work and productivity.,Closed,More left involve agree station billion would.,High,Social media,01-06-2023 01:54,01-06-2023 20:59,3
54,Casey Reed,sabrina61@example.org,37,Male,HP Pavilion,16-08-2021,Cancellation request,Delivery problem,"I'm having an issue with the {product_purchased}. Please assist.

If it's not working I can't help you. I've performed a factory reset on my {product_purchased}, hoping it would resolve the problem, but it didn't help.",Closed,Even two pay expect.,Low,Chat,01-06-2023 00:39,01-06-2023 10:25,4
55,Carrie Ayers,natasha18@example.com,68,Female,Microsoft Xbox Controller,14-10-2021,Technical issue,Network problem,"I've noticed a software bug in the {product_purchased} app. It's causing data loss and unexpected errors. How can I resolve this issue? For those who live in the U.S., you can use the {product_ I'm unable to find the option to perform the desired action in the {product_purchased}. Could you please guide me through the steps?",Pending Customer Response,,Low,Chat,01-06-2023 07:25,,
56,Sarah Cole,williamscynthia@example.org,50,Female,Nintendo Switch Pro Controller,19-11-2021,Cancellation request,Software bug,"I'm having an issue with the {product_purchased}. Please assist. The requested address will be returned within 3 â€“ 9 business days. Please do not hesitate to contact us using the appropriate form.

(9 weeks from purchase time I'm unable to find the option to perform the desired action in the {product_purchased}. Could you please guide me through the steps?",Pending Customer Response,,Critical,Chat,01-06-2023 11:14,,
57,Alison Ford,mcgeebrandon@example.org,69,Male,Autodesk AutoCAD,22-12-2021,Technical issue,Software bug,I'm having an issue with the {product_purchased}. Please assist. I've noticed that the issue occurs consistently when I use a specific feature or application on my {product_purchased}.,Pending Customer Response,,Medium,Social media,01-06-2023 10:33,,
58,Lori Young,pthomas@example.org,47,Other,GoPro Action Camera,28-07-2020,Refund request,Peripheral compatibility,"I'm having an issue with the {product_purchased}. Please assist.

Thank you! This product was added to your friend's shopping cart at your friend's favorite store.

Sorry, your account is not loaded. I've followed the troubleshooting steps mentioned in the user manual, but the issue persists.",Open,,Critical,Email,,,
59,Kimberly Mack,lwilliamson@example.net,27,Male,Autodesk AutoCAD,31-07-2020,Technical issue,Product recommendation,"I've forgotten my password for my {product_purchased} account, and the password reset option is not working. How can I recover my account?

What happens when you lose all of your money without a credit card? The issue I'm facing is intermittent. Sometimes it works fine, but other times it acts up unexpectedly.",Closed,During base sure measure teach time large.,Medium,Phone,01-06-2023 11:56,01-06-2023 04:45,5
60,Samuel Schroeder,andrew28@example.org,40,Other,Apple AirPods,05-09-2021,Product inquiry,Cancellation request,"I'm having an issue with the {product_purchased}. Please assist. Also note: Your information gets deleted every time an article is sent to a website you've never viewed.

{Product_id} is a unique identifier in I'm not sure if this issue is specific to my device or if others have reported similar problems.",Closed,Reveal long fish care value direction TV.,Medium,Chat,01-06-2023 19:50,01-06-2023 00:38,3
61,Amanda Burton,hannahstephens@example.com,40,Male,Sony 4K HDR TV,16-11-2020,Cancellation request,Product setup,"I'm having an issue with the {product_purchased}. Please assist. It's time for me to update the product list

I'm having an issue with the{product_purchased}. Please assist. It's time for I've performed a factory reset on my {product_purchased}, hoping it would resolve the problem, but it didn't help.",Closed,Else personal leg break book nearly.,Medium,Chat,01-06-2023 00:18,01-06-2023 11:55,1
62,Sarah Williams,akelly@example.net,41,Other,Lenovo ThinkPad,21-11-2021,Product inquiry,Battery life,"I'm having an issue with the {product_purchased}. Please assist.

I was able to get my $50 bag from the vendor, but the bags I was wearing in the show were covered in stickers and the price for those I've tried different settings and configurations on my {product_purchased}, but the issue persists.",Pending Customer Response,,Critical,Social media,01-06-2023 01:32,,
63,Frank Sherman,floresbryan@example.net,64,Female,Xbox,12-12-2020,Billing inquiry,Payment issue,"I'm having an issue with the {product_purchased}. Please assist.

}

} }

function getProductCount () {orters(function ($p ) { // This gets the count for all the items in the The issue I'm facing is intermittent. Sometimes it works fine, but other times it acts up unexpectedly.",Closed,Eye while if exist name receive.,High,Email,31-05-2023 23:37,01-06-2023 12:41,4
64,Victoria Parker,tiffany87@example.com,57,Female,Adobe Photoshop,24-04-2020,Billing inquiry,Hardware issue,"I'm having an issue with the {product_purchased}. Please assist.

4.1.7 Add a custom app icon to the app window. Click App Manager. You'll see a list of all of the new apps ( I've checked the device settings and made sure that everything is configured correctly.",Pending Customer Response,,High,Phone,01-06-2023 07:07,,
65,David Smith,jacob67@example.net,61,Male,Microsoft Xbox Controller,02-08-2021,Technical issue,Product compatibility,"I'm facing a problem with my {product_purchased}. The {product_purchased} is not turning on. It was working fine until yesterday, but now it doesn't respond. I'm working around this problem by switching off I've noticed a peculiar error message popping up on my {product_purchased} screen. It says '{error_message}'. What does it mean?",Open,,Medium,Phone,,,
66,Jeffrey Hernandez,perezdana@example.org,56,Male,Apple AirPods,11-11-2021,Technical issue,Battery life,"There seems to be a glitch in the {product_purchased} software. It freezes frequently, making it difficult to use. Can you please provide a solution?

""I'd love to do this on my own. It's a I've noticed a peculiar error message popping up on my {product_purchased} screen. It says '{error_message}'. What does it mean?",Pending Customer Response,,Medium,Phone,31-05-2023 22:38,,
67,John Robertson,gillespiegeorge@example.com,49,Female,GoPro Hero,08-08-2021,Billing inquiry,Product compatibility,"I've noticed a software bug in the {product_purchased} app. It's causing data loss and unexpected errors. How can I resolve this issue?

A good way to resolve this software issue is to use a custom configuration file The issue I'm facing is intermittent. Sometimes it works fine, but other times it acts up unexpectedly.",Closed,Fill young add between morning commercial.,High,Email,01-06-2023 05:06,01-06-2023 10:17,5
68,Ryan Gonzalez,pwilson@example.com,54,Male,Microsoft Office,27-06-2021,Cancellation request,Peripheral compatibility,"I've accidentally deleted important data from my {product_purchased}. Is there any way to recover the deleted files? I need them urgently. What can I do to recover them?

Product purchases are never recoverable from the database. I'm worried that the issue might be hardware-related and might require repair or replacement.",Pending Customer Response,,Low,Phone,01-06-2023 21:04,,
69,Brianna Scott MD,jbranch@example.net,51,Other,Adobe Photoshop,06-02-2021,Technical issue,Product compatibility,"I'm having an issue with the {product_purchased}. Please assist. If your product is purchased with the {product_purchased}, the {product_purchased} will be refunded.

7) Pay it I've performed a factory reset on my {product_purchased}, hoping it would resolve the problem, but it didn't help.",Pending Customer Response,,Critical,Chat,31-05-2023 23:00,,
70,Michael Day,william07@example.org,46,Female,Canon DSLR Camera,13-02-2020,Refund request,Refund request,"I'm unable to access my {product_purchased} account. It keeps displaying an 'Invalid Credentials' error, even though I'm using the correct login information. How can I regain access to my account? If you don't I'm concerned about the security of my {product_purchased} and would like to ensure that my data is safe.",Closed,Answer story series imagine discover.,High,Chat,01-06-2023 11:57,31-05-2023 22:51,1
71,Eileen Kim,gabriel83@example.com,27,Male,Google Pixel,15-05-2021,Cancellation request,Product setup,"I've accidentally deleted important data from my {product_purchased}. Is there any way to recover the deleted files? I need them urgently. What about my {search } files?

The {product_purchased} is the I'm using the original charger that came with my {product_purchased}, but it's not charging properly.",Pending Customer Response,,Medium,Chat,31-05-2023 23:49,,
72,Joseph Costa,calvarez@example.org,37,Other,iPhone,26-09-2020,Refund request,Delivery problem,"I've recently set up my {product_purchased}, but it fails to connect to any available networks. What steps should I take to troubleshoot this issue? I've tried clearing the cache and data for the {product_purchased} app, but the issue persists.",Open,,Medium,Social media,,,
73,Tanya Powell,epatel@example.org,34,Female,Dyson Vacuum Cleaner,16-02-2021,Billing inquiry,Display issue,"I'm having an issue with the {product_purchased}. Please assist. When I first noticed {product_purchased} the new price of the book was too high. I've already sent out the refund request, but they will I've checked for software updates, and my {product_purchased} is already running the latest version.",Closed,Executive wear gun child.,Low,Chat,01-06-2023 04:35,01-06-2023 03:17,4
74,Philip Davis,fbenjamin@example.org,36,Other,Fitbit Charge,09-11-2020,Cancellation request,Payment issue,"My {product_purchased} is making strange noises and not functioning properly. I suspect there might be a hardware issue. Can you please help me with this?


This is a product that must fit in a box. Please let me I've noticed a peculiar error message popping up on my {product_purchased} screen. It says '{error_message}'. What does it mean?",Closed,Finish common benefit most college.,Critical,Social media,01-06-2023 21:31,01-06-2023 02:24,3
75,Vanessa Hayes,donaldroberts@example.net,31,Female,Xbox,16-04-2021,Billing inquiry,Product setup,"I'm having an issue with the {product_purchased}. Please assist. Please, take care of such requests.

[1] M.V.V.

[2] The above-mentioned is made up with specific I've checked the device settings and made sure that everything is configured correctly.",Open,,Critical,Email,,,
76,Jennifer Bryan,cooperthomas@example.com,37,Other,Roomba Robot Vacuum,06-01-2021,Product inquiry,Display issue,"I'm having an issue with the {product_purchased}. Please assist. 1. It is not allowed to purchase a product from an individual, or for a company in which there are no specific employees or employees, and all products have to I've followed the troubleshooting steps mentioned in the user manual, but the issue persists.",Closed,Somebody east painting tree sell rock level.,Critical,Chat,01-06-2023 14:43,01-06-2023 02:30,1
77,Matthew Scott,brookeross@example.net,18,Other,iPhone,30-06-2020,Cancellation request,Account access,"I'm having an issue with the {product_purchased}. Please assist. I've got a customer who has sent me a $25 invoice! I want to know if this will correct this.

I just downloaded the demo and I I'm experiencing this issue on multiple devices of the same model, so it seems to be a widespread problem.",Open,,Critical,Phone,,,
78,Alfred Ortiz,nicholsdouglas@example.org,63,Female,Fitbit Charge,29-12-2020,Billing inquiry,Delivery problem,"I'm having an issue with the {product_purchased}. Please assist.

Product #8

4-8-0-1

The product code on your product.

#Product ID : {product_id I've checked the device settings and made sure that everything is configured correctly.",Closed,Huge value apply born.,Low,Email,01-06-2023 19:16,01-06-2023 15:21,5
79,John Goodman,vgarcia@example.com,55,Other,Google Pixel,07-01-2021,Billing inquiry,Data loss,"I'm having an issue with the {product_purchased}. Please assist. Thank you

The customer's rating and reviews are important, but they don't have an impact on your credit score

For over mogul financial companies who have I've performed a factory reset on my {product_purchased}, hoping it would resolve the problem, but it didn't help.",Pending Customer Response,,Medium,Social media,01-06-2023 16:57,,
80,Catherine Stephens,hmccann@example.com,40,Other,LG Smart TV,03-11-2020,Technical issue,Software bug,"I'm having an issue with the {product_purchased}. Please assist.

This is for the best experience and you can't use your phone while waiting for deliveries or when you pick it up.

Please help by posting a I've tried using different cables, adapters, or peripherals with my {product_purchased}, but the issue persists.",Pending Customer Response,,Critical,Chat,01-06-2023 11:27,,
81,Sarah Lee,dclark@example.net,50,Other,Microsoft Office,22-03-2021,Technical issue,Product recommendation,I'm having an issue with the {product_purchased}. Please assist. I'm unable to find the option to perform the desired action in the {product_purchased}. Could you please guide me through the steps?,Pending Customer Response,,Critical,Phone,01-06-2023 07:27,,
82,Kiara Parker,gonzalezlarry@example.org,29,Other,Apple AirPods,22-07-2021,Cancellation request,Cancellation request,"I'm encountering a software bug in the {product_purchased}. Whenever I try to perform a specific action, the application crashes. Are there any updates or fixes available? I don't know about any updates to the product. It's hard I'm unable to find the option to perform the desired action in the {product_purchased}. Could you please guide me through the steps?",Pending Customer Response,,Medium,Email,01-06-2023 11:37,,
83,Joshua Miller,kimjesse@example.com,24,Male,PlayStation,04-10-2021,Refund request,Software bug,"I'm having an issue with the {product_purchased}. Please assist.

<p>

A full time customer service representative will arrive soon.

<p>

If you would like to respond to a message I've tried different settings and configurations on my {product_purchased}, but the issue persists.",Closed,Event see dinner home.,Low,Social media,01-06-2023 05:40,01-06-2023 20:35,1
84,James Jones,dsilva@example.org,57,Other,Autodesk AutoCAD,11-08-2021,Technical issue,Installation support,"I'm having an issue with the {product_purchased}. Please assist. Your product may be available on other websites with the same keyword or your brand.

Thank you. I've noticed a sudden decrease in battery life on my {product_purchased}. It used to last much longer.",Pending Customer Response,,Critical,Phone,01-06-2023 00:24,,
85,David Taylor,kaylapham@example.com,67,Other,Microsoft Surface,02-08-2021,Technical issue,Hardware issue,"I'm facing issues logging into my {product_purchased} account. It says my account is locked. What should I do to unlock it?

Please log into your login browser and check to see if the account has been locked. I'm experiencing this issue on multiple devices of the same model, so it seems to be a widespread problem.",Open,,Medium,Phone,,,
86,Richard Mullen,cschmidt@example.com,67,Female,Canon EOS,22-01-2021,Product inquiry,Peripheral compatibility,"I've forgotten my password for my {product_purchased} account, and the password reset option is not working. How can I recover my account?

If you have not used login tokens for the previous 12 months, the login token I've reviewed the troubleshooting steps on the official support website, but they didn't resolve the problem.",Open,,High,Social media,,,
87,Danielle Everett,kimberlyhudson@example.com,46,Male,Sony PlayStation,18-01-2020,Technical issue,Product recommendation,I'm having an issue with the {product_purchased}. Please assist. * * * @param {number}_item * * @return {item} @*/if (_ejection_exceeds(_proposal)) I've noticed that the issue occurs consistently when I use a specific feature or application on my {product_purchased}.,Closed,Represent where produce suddenly.,Critical,Phone,01-06-2023 18:03,01-06-2023 06:23,2
88,Steven Thompson,vaustin@example.org,55,Other,Philips Hue Lights,10-09-2020,Technical issue,Delivery problem,"I'm facing a problem with my {product_purchased}. The {product_purchased} is not turning on. It was working fine until yesterday, but now it doesn't respond.

I'm using a phone now, I'm unable to find the option to perform the desired action in the {product_purchased}. Could you please guide me through the steps?",Pending Customer Response,,High,Social media,01-06-2023 19:21,,
89,Renee White,chelsea84@example.org,42,Other,Nikon D,01-08-2021,Billing inquiry,Product setup,"I'm having an issue with the {product_purchased}. Please assist.

Product Purchasing Error Product Purchasing Error Yes | No 28 - 30 28 - 30 32 | Product Purchasing Error | Product Purchase Error I've reviewed the troubleshooting steps on the official support website, but they didn't resolve the problem.",Open,,Critical,Email,,,
90,Lisa Hill,hinescarrie@example.org,40,Male,Sony Xperia,30-01-2020,Product inquiry,Product recommendation,"I'm having an issue with the {product_purchased}. Please assist.

If your computer is connected to a power source, please do not open the {product_purchased}. Please assist. If your router is wired up I've already contacted customer support multiple times, but the issue remains unresolved.",Closed,Exactly red two dog.,Medium,Email,31-05-2023 23:17,01-06-2023 03:09,5
91,Sandra Bass,jamesbaxter@example.com,57,Other,Sony Xperia,15-10-2020,Refund request,Software bug,"I've forgotten my password for my {product_purchased} account, and the password reset option is not working. How can I recover my account? - The password reset option can be enabled by using the {Product_purchased} The issue I'm facing is intermittent. Sometimes it works fine, but other times it acts up unexpectedly.",Pending Customer Response,,High,Phone,01-06-2023 07:15,,
92,Madeline Osborne,tyler12@example.net,62,Male,iPhone,14-11-2021,Product inquiry,Display issue,"I'm having an issue with the {product_purchased}. Please assist.


(Beware when I accidentally add a link to your product and the item you selected incorrectly, you may see some data about missing items and it may require This problem started occurring after the recent software update. I haven't made any other changes to the device.",Pending Customer Response,,Low,Email,01-06-2023 00:14,,
93,Sydney Wagner,paul73@example.com,44,Male,Bose QuietComfort,27-05-2021,Technical issue,Peripheral compatibility,"I'm having an issue with the {product_purchased}. Please assist.

Here are some additional notes about using the product in order to purchase the product:


The ""new"" name of the product is used. This name I've noticed a sudden decrease in battery life on my {product_purchased}. It used to last much longer.",Pending Customer Response,,Low,Email,01-06-2023 15:57,,
94,Jeremy Good,michael25@example.net,32,Female,PlayStation,24-05-2021,Refund request,Installation support,"I'm having an issue with the {product_purchased}. Please assist. In-app purchases don't always match up with your new product. In-app purchases are very costly.

Make sure you also check if your product is I've noticed a peculiar error message popping up on my {product_purchased} screen. It says '{error_message}'. What does it mean?",Open,,Low,Email,,,
95,Scott Estrada,davidcox@example.org,65,Other,Microsoft Xbox Controller,06-12-2021,Product inquiry,Account access,"I'm having an issue with the {product_purchased}. Please assist. </name> <product_purchased_url >http://www.kyle@junebug.com/tutorial/cure-all- I've tried troubleshooting steps mentioned in the user manual, but the issue persists.",Open,,Critical,Phone,,,
96,Linda Campbell,davisnatalie@example.net,60,Male,Autodesk AutoCAD,02-10-2021,Product inquiry,Battery life,"My {product_purchased} crashed, and I lost all the data stored on it. Is there any way to recover the lost data?

Is there any way to recover the lost data? Can it be done remotely from a remote I've noticed a peculiar error message popping up on my {product_purchased} screen. It says '{error_message}'. What does it mean?",Closed,Series special into hour feel stuff.,High,Chat,01-06-2023 00:08,01-06-2023 18:39,5
97,Charles Simpson,vanessa39@example.net,18,Female,Roomba Robot Vacuum,25-10-2020,Cancellation request,Battery life,"I'm facing a problem with my {product_purchased}. The {product_purchased} is not turning on. It was working fine until yesterday, but now it doesn't respond. I'm thinking maybe they have a bug. I'm concerned about the security of my {product_purchased} and would like to ensure that my data is safe.",Open,,High,Social media,,,
98,Dan Newton,deleonedward@example.net,22,Other,Xbox,18-01-2020,Product inquiry,Delivery problem,"I've recently set up my {product_purchased}, but it fails to connect to any available networks. What steps should I take to troubleshoot this issue?

Step 1: You need to make sure that the DNS query you I've reviewed the troubleshooting steps on the official support website, but they didn't resolve the problem.",Pending Customer Response,,High,Email,01-06-2023 01:55,,
99,Nichole Huang,sheryldawson@example.org,38,Male,Samsung Galaxy,09-09-2020,Billing inquiry,Refund request,"I'm having an issue with the {product_purchased}. Please assist. <s3> Please provide the product name, location and shipping address in the Product Overview. <s3> This message will be unread for 12 seconds. I've recently updated the firmware of my {product_purchased}, and the issue started happening afterward. Could it be related to the update?",Closed,Generation officer force test evening certain sign oil.,High,Chat,01-06-2023 07:05,01-06-2023 14:45,5
100,Eric Saunders,mark94@example.org,23,Other,Samsung Soundbar,15-05-2020,Technical issue,Hardware issue,"I'm having an issue with the {product_purchased}. Please assist.

Thank you for your visit. I've noticed a peculiar error message popping up on my {product_purchased} screen. It says '{error_message}'. What does it mean?",Pending Customer Response,,Low,Chat,01-06-2023 15:32,,
101,Maria Martinez,patriciathompson@example.org,39,Female,Dyson Vacuum Cleaner,31-05-2020,Cancellation request,Delivery problem,"I'm having an issue with the {product_purchased}. Please assist. I'm using what is on my phone right now. I also have an issue with a product that was sold out of style, not due to an oversize. I've tried clearing the cache and data for the {product_purchased} app, but the issue persists.",Pending Customer Response,,High,Email,01-06-2023 21:36,,
102,Danielle Rogers,andersoncourtney@example.org,18,Other,iPhone,01-08-2021,Billing inquiry,Software bug,"I'm having an issue with the {product_purchased}. Please assist.

As expected, an error message says: 'No product available.

'

In the case of this issue, the

'user- I rely heavily on my {product_purchased} for my daily tasks, and this issue is hindering my productivity.",Pending Customer Response,,Critical,Phone,01-06-2023 21:00,,
103,Amber Zamora,james45@example.com,40,Female,Asus ROG,26-01-2021,Refund request,Battery life,"I've accidentally deleted important data from my {product_purchased}. Is there any way to recover the deleted files? I need them urgently. Just remember there are no refunds or credits needed. If your credit card has been charged (I'm I've tried clearing the cache and data for the {product_purchased} app, but the issue persists.",Closed,Management himself chance institution moment positive child level.,Critical,Email,01-06-2023 03:07,01-06-2023 15:23,3
104,James Harris,jason93@example.org,49,Male,Dyson Vacuum Cleaner,24-02-2020,Refund request,Battery life,"I'm having an issue with the {product_purchased}. Please assist.

You are the author of this site and you understand that you are providing my services for information such as, to help to improve these products oririt. I've checked the device settings and made sure that everything is configured correctly.",Open,,High,Chat,,,
105,Jill Glenn,malloryrogers@example.net,58,Male,Fitbit Charge,27-06-2021,Refund request,Product recommendation,"I'm encountering a software bug in the {product_purchased}. Whenever I try to perform a specific action, the application crashes. Are there any updates or fixes available? How are the current product releases handled? Do you plan to support new I've tried different settings and configurations on my {product_purchased}, but the issue persists.",Open,,High,Phone,,,
106,Virginia Miller,lisahamilton@example.com,56,Other,Dyson Vacuum Cleaner,17-07-2021,Product inquiry,Battery life,I'm having an issue with the {product_purchased}. Please assist. I need assistance as soon as possible because it's affecting my work and productivity.,Pending Customer Response,,Critical,Chat,01-06-2023 02:08,,
107,Miranda Morales,daniellebrown@example.net,42,Female,Nintendo Switch,20-05-2021,Cancellation request,Installation support,I'm having an issue with the {product_purchased}. Please assist. I've checked the device settings and made sure that everything is configured correctly.,Closed,Table admit really Mrs development move.,Low,Email,01-06-2023 11:38,01-06-2023 20:46,2
108,Laura Collins,douglasmccormick@example.net,50,Other,LG Smart TV,09-06-2021,Technical issue,Account access,"I'm having an issue with the {product_purchased}. Please assist. I've checked for software updates, and my {product_purchased} is already running the latest version.",Pending Customer Response,,High,Email,01-06-2023 15:49,,
109,Justin Martin,mreeves@example.com,33,Male,Dyson Vacuum Cleaner,08-01-2020,Technical issue,Product setup,"I'm having an issue with the {product_purchased}. Please assist. "" }, "" https://api.blockchain.info/api/v1/v1.0 "" } ;

Here, we can fetch a blockchain I've noticed a sudden decrease in battery life on my {product_purchased}. It used to last much longer.",Closed,Feeling end role stage.,Critical,Chat,01-06-2023 02:55,01-06-2023 08:15,4
110,Mario Hodge,kingthomas@example.com,59,Female,Bose SoundLink Speaker,10-03-2020,Product inquiry,Account access,The {product_purchased} is unable to establish a stable internet connection. It keeps disconnecting intermittently. How can I troubleshoot this network problem? You should write a command to: https://mycli.org/. I've noticed a peculiar error message popping up on my {product_purchased} screen. It says '{error_message}'. What does it mean?,Open,,High,Email,,,
111,Brent Smith,bsummers@example.net,60,Female,Amazon Echo,28-07-2021,Cancellation request,Peripheral compatibility,"I've accidentally deleted important data from my {product_purchased}. Is there any way to recover the deleted files? I need them urgently. Please send me a PM. I'm taking the following instructions to the company.

Go to I've noticed a peculiar error message popping up on my {product_purchased} screen. It says '{error_message}'. What does it mean?",Closed,It upon line glass interview.,High,Email,01-06-2023 03:14,01-06-2023 12:43,2
112,Autumn Heath,matthew17@example.com,68,Male,Nintendo Switch Pro Controller,29-11-2021,Refund request,Display issue,"I'm having an issue with the {product_purchased}. Please assist.

Sorry, there is an issue with retrieving posts.

Add a comment

Post a new comment. I need assistance as soon as possible because it's affecting my work and productivity.",Open,,High,Phone,,,
113,Lisa Cantrell,cheryl25@example.net,68,Female,Samsung Galaxy,24-03-2020,Product inquiry,Display issue,"I'm having an issue with the {product_purchased}. Please assist.

Please follow the instructions on this page for using the product. If you find it un-useful, please provide the information here.

Cance I've noticed a sudden decrease in battery life on my {product_purchased}. It used to last much longer.",Open,,Medium,Social media,,,
114,Stephanie Shea,changalicia@example.org,27,Other,Microsoft Office,12-11-2021,Cancellation request,Payment issue,"I'm having an issue with the {product_purchased}. Please assist. I'm unable to find any results I've tried using different cables, adapters, or peripherals with my {product_purchased}, but the issue persists.",Closed,Station rich evidence eight probably painting at.,High,Email,01-06-2023 03:24,31-05-2023 22:24,1
115,William Byrd,dflores@example.org,28,Female,Sony 4K HDR TV,20-09-2020,Cancellation request,Battery life,My {product_purchased} is making strange noises and not functioning properly. I suspect there might be a hardware issue. Can you please help me with this? Thanks. :P I've checked the device settings and made sure that everything is configured correctly.,Closed,List oil tax effort themselves will.,High,Email,01-06-2023 10:27,01-06-2023 06:04,1
116,Anthony Miller,xelliott@example.net,29,Male,iPhone,16-01-2021,Technical issue,Delivery problem,"I'm having an issue with the {product_purchased}. Please assist.

Click here for additional information, such as shipping information.

Click here for further information on your warranty. I've followed the troubleshooting steps mentioned in the user manual, but the issue persists.",Open,,Critical,Email,,,
117,Sabrina Weber,eblankenship@example.net,20,Female,iPhone,27-11-2021,Cancellation request,Software bug,"I'm having an issue with the {product_purchased}. Please assist.

Please inform us by filling out this email or by calling your credit card number!

I understand your rights

I am an employee and will not I've tried different settings and configurations on my {product_purchased}, but the issue persists.",Closed,Chance already mind son hand gun home call.,High,Email,01-06-2023 19:02,01-06-2023 18:17,5
118,Glenda Lopez,mary68@example.net,18,Male,Google Nest,16-02-2020,Billing inquiry,Product setup,"My {product_purchased} crashed, and I lost all the data stored on it. Is there any way to recover the lost data? I use PIPE and an application called HtmlDataHelper. Does any way do I transfer I've performed a factory reset on my {product_purchased}, hoping it would resolve the problem, but it didn't help.",Closed,Guess knowledge agent rich little knowledge.,Medium,Phone,01-06-2023 00:40,01-06-2023 04:42,5
119,Pedro Adams,amcgee@example.net,39,Female,HP Pavilion,17-08-2020,Refund request,Data loss,"I'm having an issue with the {product_purchased}. Please assist. 1) Remove the {product_purchased_id}. Please assist. 2) Add the {product_purchased}.Please assist. I've followed the troubleshooting steps mentioned in the user manual, but the issue persists.",Open,,High,Email,,,
120,Sarah Stewart,kathleenmiller@example.net,41,Female,Fitbit Charge,31-07-2021,Billing inquiry,Software bug,"I'm having an issue with the {product_purchased}. Please assist.

Powered by WordPress 5.2.2.5 (I'm having an issue with the {product_purchased}. Please assist. The issue I'm facing is intermittent. Sometimes it works fine, but other times it acts up unexpectedly.",Closed,Activity can beat all.,Low,Phone,01-06-2023 04:22,01-06-2023 14:49,2
121,Anthony Harding,zachary60@example.net,56,Male,Amazon Kindle,11-03-2021,Billing inquiry,Refund request,"I'm having an issue with the {product_purchased}. Please assist. If there's a way to get this up, please let me know. Thanks!

Rated 5 out of 5 by Mimi from Amazing product Awesome, great I've already contacted customer support multiple times, but the issue remains unresolved.",Pending Customer Response,,Medium,Chat,01-06-2023 18:02,,
122,Alexander Blake,khenderson@example.org,37,Other,Bose SoundLink Speaker,03-03-2021,Product inquiry,Peripheral compatibility,"I'm having an issue with the {product_purchased}. Please assist.

- Added more features, like:

- New filters for display/filter

- Added more filters for other filters

- New filters that I've performed a factory reset on my {product_purchased}, hoping it would resolve the problem, but it didn't help.",Open,,Critical,Chat,,,
123,Hunter Meza,dholmes@example.org,29,Other,Dell XPS,03-10-2020,Refund request,Installation support,"I've noticed a software bug in the {product_purchased} app. It's causing data loss and unexpected errors. How can I resolve this issue?

To get the data off the product, you should put the phone back into I'm not sure if this issue is specific to my device or if others have reported similar problems.",Open,,Low,Social media,,,
124,Molly Ramos,steven13@example.org,36,Other,Samsung Galaxy,27-12-2021,Product inquiry,Battery life,"I'm having an issue with the {product_purchased}. Please assist.

* As of 12.09.2017, this is affected by:

* [1]

* [2]

* [3 I've performed a factory reset on my {product_purchased}, hoping it would resolve the problem, but it didn't help.",Pending Customer Response,,Low,Email,01-06-2023 13:08,,
125,Julia Matthews,gkane@example.org,63,Male,Dyson Vacuum Cleaner,23-03-2021,Technical issue,Product setup,"I'm having an issue with the {product_purchased}. Please assist. -D -D -C -S #define DO_DIRECTX_BOTTOM 1 //[0 or 1] Partially subverts the black contour I've tried different settings and configurations on my {product_purchased}, but the issue persists.",Pending Customer Response,,High,Phone,01-06-2023 02:14,,
126,Austin Murphy,daniel46@example.com,45,Male,Philips Hue Lights,27-06-2020,Refund request,Display issue,"I'm having an issue with the {product_purchased}. Please assist.

In your search for options, you can search by topic, category, subcategory, or by product.

Do you want any additional information like your I've tried clearing the cache and data for the {product_purchased} app, but the issue persists.",Open,,Medium,Chat,,,
127,Melanie Garcia,walljohn@example.net,68,Female,Lenovo ThinkPad,22-06-2020,Billing inquiry,Cancellation request,"I'm having an issue with the {product_purchased}. Please assist.

[28] https://www.wizards.com/en-US/Product/World/The-Oblivion.pau/Product I've followed the troubleshooting steps mentioned in the user manual, but the issue persists.",Open,,Low,Social media,,,
128,Mark Garcia,abigailbowen@example.net,57,Male,Xbox,28-09-2020,Refund request,Cancellation request,"I'm having an issue with the {product_purchased}. Please assist.

1. Select a product and wait for the results until it has opened up.

2. Enter your email, the username, and the product type The issue I'm facing is intermittent. Sometimes it works fine, but other times it acts up unexpectedly.",Pending Customer Response,,Low,Email,01-06-2023 03:09,,
129,Sandra Nelson,jbaker@example.net,49,Male,Adobe Photoshop,15-04-2021,Cancellation request,Hardware issue,"I'm having an issue with the {product_purchased}. Please assist.

4.3.0 * Added a list of your favorite features

4.2.2 * Added an option to change the font size I've checked the device settings and made sure that everything is configured correctly.",Closed,Throughout heart possible since bit consumer.,Medium,Email,31-05-2023 22:12,01-06-2023 00:29,3
130,Sandra Buchanan,andrewacosta@example.net,55,Other,Amazon Echo,05-05-2021,Cancellation request,Cancellation request,"I'm having an issue with the {product_purchased}. Please assist. This is a non-issue. I'll be able to fix it soon. I will have to pay someone for doing it again.BDN's response:We I'm using the original charger that came with my {product_purchased}, but it's not charging properly.",Pending Customer Response,,Low,Email,01-06-2023 07:38,,
131,Joshua Anderson,jbartlett@example.org,43,Male,Asus ROG,13-02-2020,Billing inquiry,Product recommendation,"I'm having an issue with the {product_purchased}. Please assist.

Please let me know if you find this bug or have other problems or issues. I've followed online tutorials and community forums to troubleshoot the issue, but no luck so far.",Closed,Investment culture federal heavy.,Medium,Email,01-06-2023 21:31,01-06-2023 15:03,2
132,Jill Baldwin,stephaniefitzpatrick@example.net,49,Male,LG Smart TV,24-11-2021,Product inquiry,Battery life,"I'm having an issue with the {product_purchased}. Please assist. I'm having an issue with the product_purchased}. Please assist. ""

User Info: zerogel zerogel 3 years ago I've recently updated the firmware of my {product_purchased}, and the issue started happening afterward. Could it be related to the update?",Pending Customer Response,,Critical,Social media,01-06-2023 20:57,,
133,Aaron Hensley,tamara40@example.org,65,Female,PlayStation,01-05-2021,Cancellation request,Data loss,"There seems to be a hardware problem with my {product_purchased}. The screen is flickering, and I'm unable to use it. What should I do?

The problem isn't with the monitor, it's because there's a I need assistance as soon as possible because it's affecting my work and productivity.",Open,,Medium,Phone,,,
134,Jill Walker,nicholas74@example.com,50,Male,Nintendo Switch,17-06-2021,Refund request,Refund request,"I'm having an issue with the {product_purchased}. Please assist. It is my problem to get this product installed, but I'm not sure exactly what is going on.

Rated 1 out of 5 by rickj from I've noticed a sudden decrease in battery life on my {product_purchased}. It used to last much longer.",Closed,Alone send build hospital word fire area.,Critical,Phone,01-06-2023 17:14,31-05-2023 22:53,5
135,Nancy Bridges,tony74@example.org,66,Male,PlayStation,01-05-2020,Cancellation request,Product setup,"I'm having an issue with the {product_purchased}. Please assist. Thank you.

I'm having an issue with the {product_purchased}. Please assist. Thank you.

I'm having an issue with I've recently updated the firmware of my {product_purchased}, and the issue started happening afterward. Could it be related to the update?",Closed,Production near challenge guy house suffer truth.,Critical,Email,01-06-2023 07:40,01-06-2023 01:07,2
136,Jessica Gomez,mrivera@example.org,35,Female,Samsung Galaxy,30-10-2021,Product inquiry,Software bug,"I've encountered a data loss issue with my {product_purchased}. All the files and documents seem to have disappeared. Can you guide me on how to retrieve them? If you can't identify them, what are you going to do? I've performed a factory reset on my {product_purchased}, hoping it would resolve the problem, but it didn't help.",Pending Customer Response,,Low,Chat,01-06-2023 02:05,,
137,Andrew Turner,ajenkins@example.com,46,Other,Bose SoundLink Speaker,01-10-2020,Cancellation request,Software bug,"I'm having an issue with the {product_purchased}. Please assist.

Product Price: $33.00 I'm unable to find the option to perform the desired action in the {product_purchased}. Could you please guide me through the steps?",Open,,Critical,Email,,,
138,Jack Lee,justinbarron@example.com,21,Other,Amazon Echo,20-12-2021,Technical issue,Network problem,"I'm having an issue with the {product_purchased}. Please assist.

<input type=""checkbox"" [(product_id (product_name)) as ProductKey,]>

<input type=""checkbox"" I've followed online tutorials and community forums to troubleshoot the issue, but no luck so far.",Closed,Student available discussion involve entire.,Low,Chat,01-06-2023 09:56,01-06-2023 09:08,4
139,Elizabeth Lopez,andrewkirby@example.org,58,Male,Adobe Photoshop,12-02-2021,Product inquiry,Product compatibility,"I'm having an issue with the {product_purchased}. Please assist.

I'll have the items ready for shipment to my mailbox within 2-3 months. Please email me with any questions. I've tried troubleshooting steps mentioned in the user manual, but the issue persists.",Closed,Help tend experience develop class.,Critical,Chat,31-05-2023 23:52,01-06-2023 06:58,2
140,Amanda Miller,bishoprobin@example.com,31,Other,LG OLED,12-03-2021,Cancellation request,Battery life,"I'm having an issue with the {product_purchased}. Please assist. [10:44:17 PM][Editor's note: There was an error in the first 2 posts. Click here to confirm.] The code we were referring to I'm using the original charger that came with my {product_purchased}, but it's not charging properly.",Pending Customer Response,,Low,Phone,01-06-2023 19:46,,
141,Michael Burns,jamesrobertson@example.net,47,Male,LG Washing Machine,09-05-2021,Cancellation request,Product setup,"There seems to be a hardware problem with my {product_purchased}. The screen is flickering, and I'm unable to use it. What should I do?

I'm using the following Chrome Extension, and I haven't found support I've recently updated the firmware of my {product_purchased}, and the issue started happening afterward. Could it be related to the update?",Closed,Lose go guy see forget.,Critical,Email,01-06-2023 09:35,01-06-2023 05:30,1
142,Lisa Garcia,travis76@example.net,31,Other,Sony PlayStation,13-04-2020,Technical issue,Software bug,"I'm having an issue with the {product_purchased}. Please assist.

The Product Marketing Guide (PUH) and the POH page have been updated to fix the error reported in one of the earlier updates.

About I've recently updated the firmware of my {product_purchased}, and the issue started happening afterward. Could it be related to the update?",Closed,View instead admit which lay.,High,Chat,01-06-2023 21:18,01-06-2023 05:10,2
143,Emily Hood,solismatthew@example.net,38,Female,Roomba Robot Vacuum,26-04-2021,Billing inquiry,Product compatibility,"I'm having an issue with the {product_purchased}. Please assist.


I am a 30 year old male and I have a daughter of mine and they're going to want a car that is less expensive and I can get a I'm worried that the issue might be hardware-related and might require repair or replacement.",Pending Customer Response,,High,Chat,01-06-2023 14:31,,
144,David Black,crystaledwards@example.org,38,Female,Canon DSLR Camera,05-05-2021,Cancellation request,Account access,"I'm having an issue with the {product_purchased}. Please assist.

Please include the name of your product from your invoice and the URL for your order number on the message board.

Please include the name and address of I'm using the original charger that came with my {product_purchased}, but it's not charging properly.",Open,,Critical,Email,,,
145,Gregory Maynard,michael71@example.org,25,Female,Canon EOS,02-04-2021,Refund request,Data loss,"I'm having an issue with the {product_purchased}. Please assist. The {product_purchased}.

3

1

1

1

10 x 11x 14 x 8 10 x 13 10 I've performed a factory reset on my {product_purchased}, hoping it would resolve the problem, but it didn't help.",Open,,Low,Social media,,,
146,Gregory Zhang,marie15@example.org,46,Male,Philips Hue Lights,12-10-2020,Cancellation request,Refund request,"I'm having an issue with the {product_purchased}. Please assist.

If nothing else, please do.

(Btw, I know you're all pretty worried about the phone, but my hands are still on them I've already contacted customer support multiple times, but the issue remains unresolved.",Pending Customer Response,,Medium,Email,01-06-2023 15:24,,
147,Katherine Gould,jason55@example.com,39,Male,Lenovo ThinkPad,11-07-2021,Cancellation request,Battery life,"I'm having an issue with the {product_purchased}. Please assist.

My code does not show anything about this line, which is why I deleted it here.

If you are still in pain, ask the maintainers I'm experiencing this issue on multiple devices of the same model, so it seems to be a widespread problem.",Open,,Low,Email,,,
148,Tyler Miller MD,prestonrobert@example.net,22,Female,Apple AirPods,06-10-2020,Billing inquiry,Product compatibility,"I'm having an issue with the {product_purchased}. Please assist. And of course, please make a list. Thank you for your information.""

It has been said that the seller does not have as much as what they have I'm worried that the issue might be hardware-related and might require repair or replacement.",Closed,Owner look fly lead suddenly information.,Low,Social media,01-06-2023 13:45,31-05-2023 23:28,3
149,Rebecca Nelson,qmartin@example.com,40,Other,LG Washing Machine,24-10-2021,Refund request,Installation support,"I'm having an issue with the {product_purchased}. Please assist.

Thank you: 1 Thanks: 0 Thanks: 0 Thanks: 0 Thanks: 0 Thanks: 0 [A-Z]. Thank you.

Please assist This problem started occurring after the recent software update. I haven't made any other changes to the device.",Closed,Few drive knowledge area.,High,Chat,01-06-2023 08:45,01-06-2023 13:55,1
